{
    "Agent": {
        "total": 29.33632493019104
    },
    "Env": {
        "apply_act": 0.20603036880493164,
        "observation_computation": 0.13637423515319824,
        "powerflow_computation": 0.16657614707946777,
        "total": 0.5089807510375977
    },
    "total": 29.961772680282593
}