{
    "Agent": {
        "total": 130.71514344215393
    },
    "Env": {
        "apply_act": 0.5799131393432617,
        "observation_computation": 0.29984545707702637,
        "powerflow_computation": 0.23694825172424316,
        "total": 1.1167068481445312
    },
    "total": 132.32807850837708
}