{
    "Agent": {
        "total": 11.140010595321655
    },
    "Env": {
        "apply_act": 1.5195167064666748,
        "observation_computation": 0.8392293453216553,
        "powerflow_computation": 0.6249427795410156,
        "total": 2.9836888313293457
    },
    "total": 14.898930311203003
}