{
    "Agent": {
        "total": 30.72076416015625
    },
    "Env": {
        "apply_act": 0.4307982921600342,
        "observation_computation": 0.13979697227478027,
        "powerflow_computation": 0.16799473762512207,
        "total": 0.7385900020599365
    },
    "total": 31.56626009941101
}