{
    "Agent": {
        "total": 2.8211371898651123
    },
    "Env": {
        "apply_act": 2.0715179443359375,
        "observation_computation": 0.7685739994049072,
        "powerflow_computation": 0.9372954368591309,
        "total": 3.7773873805999756
    },
    "total": 7.256747245788574
}