{
    "Agent": {
        "total": 18.796527862548828
    },
    "Env": {
        "apply_act": 0.7735199928283691,
        "observation_computation": 0.29085659980773926,
        "powerflow_computation": 0.3680856227874756,
        "total": 1.432462215423584
    },
    "total": 20.48113465309143
}