{
    "Agent": {
        "total": 123.99811816215515
    },
    "Env": {
        "apply_act": 10.270192861557007,
        "observation_computation": 1.0396924018859863,
        "powerflow_computation": 11.275350332260132,
        "total": 22.585235595703125
    },
    "total": 146.86619067192078
}