{
    "Agent": {
        "total": 4.824510812759399
    },
    "Env": {
        "apply_act": 2.151890277862549,
        "observation_computation": 0.8090591430664062,
        "powerflow_computation": 0.9831347465515137,
        "total": 3.9440841674804688
    },
    "total": 9.470091104507446
}