{
    "Agent": {
        "total": 240.80766773223877
    },
    "Env": {
        "apply_act": 23.790518045425415,
        "observation_computation": 2.3877921104431152,
        "powerflow_computation": 26.271413326263428,
        "total": 52.44972348213196
    },
    "total": 293.88887643814087
}