{
    "Agent": {
        "total": 28.12652750002235
    },
    "Env": {
        "apply_act": 0.7152442000042356,
        "observation_computation": 0.5489771000084147,
        "powerflow_computation": 0.32765469999139896,
        "total": 1.5918760000040493
    },
    "total": 30.053135199999815
}