{
    "Agent": {
        "total": 4.268259525299072
    },
    "Env": {
        "apply_act": 1.577181339263916,
        "observation_computation": 0.59433913230896,
        "powerflow_computation": 0.7136096954345703,
        "total": 2.8851301670074463
    },
    "total": 7.601603984832764
}