{
    "Agent": {
        "total": 0.0001304149627685547
    },
    "Env": {
        "apply_act": 0.0430760383605957,
        "observation_computation": 0.005821704864501953,
        "powerflow_computation": 0.08784937858581543,
        "total": 0.13674712181091309
    },
    "total": 0.13892030715942383
}