{
    "Agent": {
        "total": 0.00011920928955078125
    },
    "Env": {
        "apply_act": 0.039571523666381836,
        "observation_computation": 0.0049130916595458984,
        "powerflow_computation": 0.06948423385620117,
        "total": 0.1139688491821289
    },
    "total": 0.11564922332763672
}