{
    "Agent": {
        "total": 7.708550691604614
    },
    "Env": {
        "apply_act": 0.6577053070068359,
        "observation_computation": 0.3606560230255127,
        "powerflow_computation": 0.27574682235717773,
        "total": 1.2941081523895264
    },
    "total": 9.672549962997437
}