{
    "Agent": {
        "total": 14.778481245040894
    },
    "Env": {
        "apply_act": 0.33651065826416016,
        "observation_computation": 0.187485933303833,
        "powerflow_computation": 0.12887930870056152,
        "total": 0.6528759002685547
    },
    "total": 15.960660696029663
}