{
    "Agent": {
        "total": 29.348682403564453
    },
    "Env": {
        "apply_act": 0.2970752716064453,
        "observation_computation": 0.19600725173950195,
        "powerflow_computation": 0.21715950965881348,
        "total": 0.7102420330047607
    },
    "total": 30.226987600326538
}