{
    "Agent": {
        "total": 10.692729949951172
    },
    "Env": {
        "apply_act": 0.18330645561218262,
        "observation_computation": 0.06975960731506348,
        "powerflow_computation": 0.08797955513000488,
        "total": 0.341045618057251
    },
    "total": 11.095399141311646
}