{
    "Agent": {
        "total": 6.452650785446167
    },
    "Env": {
        "apply_act": 2.3826539516448975,
        "observation_computation": 1.3107881546020508,
        "powerflow_computation": 0.9584827423095703,
        "total": 4.6519248485565186
    },
    "total": 12.355470895767212
}