{
    "Agent": {
        "total": 421.14008810000814
    },
    "Env": {
        "apply_act": 1.6338164000335382,
        "observation_computation": 1.2494426000048406,
        "powerflow_computation": 0.7746438999420207,
        "total": 3.6579028999803995
    },
    "total": 425.73335289999886
}