{
    "Agent": {
        "total": 41.000306129455566
    },
    "Env": {
        "apply_act": 2.601320743560791,
        "observation_computation": 0.24436140060424805,
        "powerflow_computation": 2.9112048149108887,
        "total": 5.756886959075928
    },
    "total": 46.821656942367554
}