{
    "Agent": {
        "total": 1.9210686683654785
    },
    "Env": {
        "apply_act": 0.032439231872558594,
        "observation_computation": 0.0211944580078125,
        "powerflow_computation": 0.025369882583618164,
        "total": 0.07900357246398926
    },
    "total": 2.01865816116333
}