{
    "Agent": {
        "total": 35.378391300004296
    },
    "Env": {
        "apply_act": 0.2812277999964863,
        "observation_computation": 0.2225145000138582,
        "powerflow_computation": 0.13278320001700195,
        "total": 0.6365255000273464
    },
    "total": 36.15686760000062
}