{
    "Agent": {
        "total": 40.76209929999641
    },
    "Env": {
        "apply_act": 0.1172973999982787,
        "observation_computation": 0.0856070999889198,
        "powerflow_computation": 0.050515299999460694,
        "total": 0.2534197999866592
    },
    "total": 41.068820599999526
}