{
    "Agent": {
        "total": 58.05702720001136
    },
    "Env": {
        "apply_act": 0.38739909999821975,
        "observation_computation": 0.2959405999772571,
        "powerflow_computation": 0.15558949998558091,
        "total": 0.8389291999610577
    },
    "total": 59.08490770000026
}