{
    "Agent": {
        "total": 10.52611255645752
    },
    "Env": {
        "apply_act": 0.19227337837219238,
        "observation_computation": 0.10710787773132324,
        "powerflow_computation": 0.07472491264343262,
        "total": 0.37410616874694824
    },
    "total": 10.998842239379883
}