{
    "Agent": {
        "total": 11.486506938934326
    },
    "Env": {
        "apply_act": 0.1139686107635498,
        "observation_computation": 0.06598424911499023,
        "powerflow_computation": 0.05060577392578125,
        "total": 0.2305586338043213
    },
    "total": 12.08237361907959
}