{
    "Agent": {
        "total": 6.332578659057617
    },
    "Env": {
        "apply_act": 0.06476831436157227,
        "observation_computation": 0.012974262237548828,
        "powerflow_computation": 0.1318986415863037,
        "total": 0.2096412181854248
    },
    "total": 6.544835329055786
}