{
    "Agent": {
        "total": 16.339219093322754
    },
    "Env": {
        "apply_act": 1.1061091423034668,
        "observation_computation": 0.3929016590118408,
        "powerflow_computation": 0.4548461437225342,
        "total": 1.9538569450378418
    },
    "total": 18.597997426986694
}