{
    "Agent": {
        "total": 22.693145751953125
    },
    "Env": {
        "apply_act": 0.7888717651367188,
        "observation_computation": 0.5189328193664551,
        "powerflow_computation": 0.6046657562255859,
        "total": 1.9124703407287598
    },
    "total": 25.04832363128662
}