{
    "Agent": {
        "total": 13.154498100280762
    },
    "Env": {
        "apply_act": 0.38142967224121094,
        "observation_computation": 0.21184825897216797,
        "powerflow_computation": 0.15355396270751953,
        "total": 0.7468318939208984
    },
    "total": 14.096605777740479
}