{
    "Agent": {
        "total": 32.78835105895996
    },
    "Env": {
        "apply_act": 0.2404336929321289,
        "observation_computation": 0.5146145820617676,
        "powerflow_computation": 0.09172964096069336,
        "total": 0.8467779159545898
    },
    "total": 33.76120138168335
}