{
    "Agent": {
        "total": 11.065591812133789
    },
    "Env": {
        "apply_act": 0.5423073768615723,
        "observation_computation": 0.2079634666442871,
        "powerflow_computation": 0.2632927894592285,
        "total": 1.013563632965088
    },
    "total": 12.262089967727661
}