{
    "Agent": {
        "total": 771.7334096999639
    },
    "Env": {
        "apply_act": 2.8059862999871257,
        "observation_computation": 2.1320239000451693,
        "powerflow_computation": 1.2295126999924832,
        "total": 6.167522900024778
    },
    "total": 779.2166264999996
}