{
    "Agent": {
        "total": 10.367571115493774
    },
    "Env": {
        "apply_act": 0.27268004417419434,
        "observation_computation": 0.1054990291595459,
        "powerflow_computation": 0.12910676002502441,
        "total": 0.5072858333587646
    },
    "total": 10.964754819869995
}