{
    "Agent": {
        "total": 230.10706140000002
    },
    "Env": {
        "apply_act": 0.5090799999870796,
        "observation_computation": 0.3841494000007515,
        "powerflow_computation": 0.2048759000026621,
        "total": 1.0981052999904932
    },
    "total": 231.4504391999999
}