{
    "Agent": {
        "total": 32.528865814208984
    },
    "Env": {
        "apply_act": 0.09934043884277344,
        "observation_computation": 0.06629586219787598,
        "powerflow_computation": 0.0762779712677002,
        "total": 0.2419142723083496
    },
    "total": 32.8280611038208
}