{
    "Agent": {
        "total": 10.545799970626831
    },
    "Env": {
        "apply_act": 0.6204657554626465,
        "observation_computation": 0.3444981575012207,
        "powerflow_computation": 0.2585158348083496,
        "total": 1.2234797477722168
    },
    "total": 12.092655420303345
}