{
    "Agent": {
        "total": 3.11301851272583
    },
    "Env": {
        "apply_act": 1.653412103652954,
        "observation_computation": 0.9235548973083496,
        "powerflow_computation": 0.676018476486206,
        "total": 3.2529854774475098
    },
    "total": 7.2087178230285645
}