{
    "Agent": {
        "total": 12.460126638412476
    },
    "Env": {
        "apply_act": 0.7751672267913818,
        "observation_computation": 0.4915590286254883,
        "powerflow_computation": 0.5781145095825195,
        "total": 1.8448407649993896
    },
    "total": 14.732086658477783
}