{
    "Agent": {
        "total": 0.0006868839263916016
    },
    "Env": {
        "apply_act": 0.09336709976196289,
        "observation_computation": 0.018209457397460938,
        "powerflow_computation": 0.3765747547149658,
        "total": 0.48815131187438965
    },
    "total": 0.4927206039428711
}