{
    "Agent": {
        "total": 15.495262622833252
    },
    "Env": {
        "apply_act": 0.056340694427490234,
        "observation_computation": 0.020377159118652344,
        "powerflow_computation": 0.025500059127807617,
        "total": 0.1022179126739502
    },
    "total": 15.615050554275513
}