{
    "Agent": {
        "total": 22.547693729400635
    },
    "Env": {
        "apply_act": 2.653702974319458,
        "observation_computation": 1.4463849067687988,
        "powerflow_computation": 1.050100564956665,
        "total": 5.150188446044922
    },
    "total": 29.432242155075073
}