{
    "Agent": {
        "total": 12.833136558532715
    },
    "Env": {
        "apply_act": 1.897568702697754,
        "observation_computation": 0.7180581092834473,
        "powerflow_computation": 0.8579387664794922,
        "total": 3.4735655784606934
    },
    "total": 16.931140422821045
}