{
    "Agent": {
        "total": 17.509276151657104
    },
    "Env": {
        "apply_act": 0.46481966972351074,
        "observation_computation": 0.17641448974609375,
        "powerflow_computation": 0.21947479248046875,
        "total": 0.8607089519500732
    },
    "total": 18.520625829696655
}