{
    "Agent": {
        "total": 1773.6808312999947
    },
    "Env": {
        "apply_act": 2.7942525000216847,
        "observation_computation": 2.0542667999561672,
        "powerflow_computation": 1.1692172999682953,
        "total": 6.017736599946147
    },
    "total": 1781.0052659000012
}