{
    "Agent": {
        "total": 10.106966733932495
    },
    "Env": {
        "apply_act": 0.217789888381958,
        "observation_computation": 0.0839076042175293,
        "powerflow_computation": 0.10221171379089355,
        "total": 0.40390920639038086
    },
    "total": 10.58216667175293
}