{
    "Agent": {
        "total": 1.9100778102874756
    },
    "Env": {
        "apply_act": 1.8090803623199463,
        "observation_computation": 0.6884584426879883,
        "powerflow_computation": 0.8704733848571777,
        "total": 3.3680121898651123
    },
    "total": 5.8667662143707275
}