{
    "Agent": {
        "total": 13.975141286849976
    },
    "Env": {
        "apply_act": 2.245208978652954,
        "observation_computation": 1.2519919872283936,
        "powerflow_computation": 0.9276340007781982,
        "total": 4.424834966659546
    },
    "total": 19.571072816848755
}