{
    "Agent": {
        "total": 6.8025336265563965
    },
    "Env": {
        "apply_act": 2.577606439590454,
        "observation_computation": 0.9799535274505615,
        "powerflow_computation": 1.0442206859588623,
        "total": 4.601780652999878
    },
    "total": 12.148873805999756
}