{
    "Agent": {
        "total": 6.3552916049957275
    },
    "Env": {
        "apply_act": 1.2329919338226318,
        "observation_computation": 0.4821736812591553,
        "powerflow_computation": 0.5587825775146484,
        "total": 2.2739481925964355
    },
    "total": 8.990633249282837
}