{
    "Agent": {
        "total": 6.479993581771851
    },
    "Env": {
        "apply_act": 0.5818963050842285,
        "observation_computation": 0.22008562088012695,
        "powerflow_computation": 0.2517426013946533,
        "total": 1.0537245273590088
    },
    "total": 7.702579498291016
}