{
    "Agent": {
        "total": 8.417777061462402
    },
    "Env": {
        "apply_act": 0.12801218032836914,
        "observation_computation": 0.08838653564453125,
        "powerflow_computation": 0.10024738311767578,
        "total": 0.31664609909057617
    },
    "total": 8.808558702468872
}