{
    "Agent": {
        "total": 221.98029375076294
    },
    "Env": {
        "apply_act": 1.2101993560791016,
        "observation_computation": 0.13887667655944824,
        "powerflow_computation": 1.424492597579956,
        "total": 2.773568630218506
    },
    "total": 224.80000758171082
}