{
    "Agent": {
        "total": 195.2195434000023
    },
    "Env": {
        "apply_act": 1.2917144999482844,
        "observation_computation": 0.9880429999866465,
        "powerflow_computation": 0.6222859999888897,
        "total": 2.9020434999238205
    },
    "total": 198.73697399999946
}