{
    "Agent": {
        "total": 17.120601892471313
    },
    "Env": {
        "apply_act": 0.22659611701965332,
        "observation_computation": 0.15534758567810059,
        "powerflow_computation": 0.17588281631469727,
        "total": 0.5578265190124512
    },
    "total": 17.810068130493164
}