{
    "Agent": {
        "total": 100.82290530204773
    },
    "Env": {
        "apply_act": 15.988849401473999,
        "observation_computation": 1.6413562297821045,
        "powerflow_computation": 17.722445726394653,
        "total": 35.35265135765076
    },
    "total": 136.60069036483765
}