{
    "Agent": {
        "total": 46.7791748046875
    },
    "Env": {
        "apply_act": 0.5330784320831299,
        "observation_computation": 0.28774070739746094,
        "powerflow_computation": 0.21785426139831543,
        "total": 1.0386734008789062
    },
    "total": 48.44268298149109
}