{
    "Agent": {
        "total": 289.39239409999936
    },
    "Env": {
        "apply_act": 0.3096514000044408,
        "observation_computation": 0.3724435999756679,
        "powerflow_computation": 0.13763069999913569,
        "total": 0.8197256999792444
    },
    "total": 290.3888516999996
}