{
    "Agent": {
        "total": 448.0666027999996
    },
    "Env": {
        "apply_act": 0.3867168000106176,
        "observation_computation": 0.28003210000497347,
        "powerflow_computation": 0.14768289999665285,
        "total": 0.8144318000122439
    },
    "total": 449.061842000001
}