{
    "Agent": {
        "total": 6.744913101196289
    },
    "Env": {
        "apply_act": 0.6311073303222656,
        "observation_computation": 0.23924517631530762,
        "powerflow_computation": 0.27494120597839355,
        "total": 1.1452937126159668
    },
    "total": 8.073076963424683
}