{
    "Agent": {
        "total": 36.671804666519165
    },
    "Env": {
        "apply_act": 0.6008968353271484,
        "observation_computation": 0.2254195213317871,
        "powerflow_computation": 0.2868845462799072,
        "total": 1.1132009029388428
    },
    "total": 37.97793364524841
}