{
    "Agent": {
        "total": 15.098122358322144
    },
    "Env": {
        "apply_act": 0.2520270347595215,
        "observation_computation": 0.1394336223602295,
        "powerflow_computation": 0.1000971794128418,
        "total": 0.4915578365325928
    },
    "total": 15.721482753753662
}