{
    "Agent": {
        "total": 8.110648155212402
    },
    "Env": {
        "apply_act": 2.724257707595825,
        "observation_computation": 1.5014910697937012,
        "powerflow_computation": 1.1010499000549316,
        "total": 5.326798677444458
    },
    "total": 15.171751499176025
}