{
    "Agent": {
        "total": 0.5269045829772949
    },
    "Env": {
        "apply_act": 0.8515467643737793,
        "observation_computation": 0.32817983627319336,
        "powerflow_computation": 0.40597963333129883,
        "total": 1.5857062339782715
    },
    "total": 2.393059253692627
}