{
    "Agent": {
        "total": 40.00556802749634
    },
    "Env": {
        "apply_act": 1.0162382125854492,
        "observation_computation": 0.6929504871368408,
        "powerflow_computation": 0.7490715980529785,
        "total": 2.4582602977752686
    },
    "total": 43.035667419433594
}