{
    "Agent": {
        "total": 6.494074821472168
    },
    "Env": {
        "apply_act": 0.15649104118347168,
        "observation_computation": 0.06075024604797363,
        "powerflow_computation": 0.06908631324768066,
        "total": 0.286327600479126
    },
    "total": 6.82587742805481
}