{
    "Agent": {
        "total": 27.272911310195923
    },
    "Env": {
        "apply_act": 1.882202386856079,
        "observation_computation": 0.6890637874603271,
        "powerflow_computation": 0.7791683673858643,
        "total": 3.3504345417022705
    },
    "total": 31.127481937408447
}